Feature,Importance
EXT_SOURCE_3,0.03848903
EXT_SOURCE_2,0.0356253
NAME_EDUCATION_TYPE_Higher education,0.018084086
CODE_GENDER_M,0.015841499
NAME_INCOME_TYPE_Pensioner,0.0143935755
EXT_SOURCE_1,0.013866797
NAME_EDUCATION_TYPE_Secondary / secondary special,0.012644602
HAS_CAR,0.012132796
FLAG_DOCUMENT_3,0.011898472
NAME_CONTRACT_TYPE_Revolving loans,0.011807603
FLAG_OWN_CAR_Y,0.010824639
DAYS_EMPLOYED,0.010433371
YEARS_EMPLOYED,0.009292685
DEF_60_CNT_SOCIAL_CIRCLE,0.009084057
AMT_GOODS_PRICE,0.008987741
REGION_RATING_CLIENT_W_CITY,0.008679317
NAME_FAMILY_STATUS_Married,0.008663728
NAME_INCOME_TYPE_Working,0.007836684
DAYS_BIRTH,0.007633517
AMT_CREDIT,0.0075267623
WALLSMATERIAL_MODE_Panel,0.0074632186
REG_CITY_NOT_LIVE_CITY,0.0074487505
NAME_INCOME_TYPE_State servant,0.0073098224
AMT_REQ_CREDIT_BUREAU_QRT,0.0071946145
ORGANIZATION_TYPE_Construction,0.00718924
FLAG_DOCUMENT_13,0.0070168376
ORGANIZATION_TYPE_University,0.0069970926
REGION_RATING_CLIENT,0.0069571454
ELEVATORS_MEDI,0.0067530866
EMERGENCYSTATE_MODE_Unknown,0.006747079
FLOORSMAX_AVG,0.0066960417
AGE_YEARS,0.006661607
NAME_EDUCATION_TYPE_Lower secondary,0.0066286246
DEF_30_CNT_SOCIAL_CIRCLE,0.00652792
OWN_CAR_AGE,0.0064643156
ORGANIZATION_TYPE_Transport: type 3,0.0063868323
OCCUPATION_TYPE_Core staff,0.006374277
AMT_ANNUITY,0.006291412
WEEKDAY_APPR_PROCESS_START_SUNDAY,0.0061529023
ORGANIZATION_TYPE_Industry: type 7,0.005951719
NAME_TYPE_SUITE_Unknown,0.005916458
FLAG_PHONE,0.005902937
LIVE_REGION_NOT_WORK_REGION,0.005736386
ELEVATORS_AVG,0.005717912
OCCUPATION_TYPE_Low-skill Laborers,0.0056980383
OCCUPATION_TYPE_Managers,0.0056665414
ORGANIZATION_TYPE_Self-employed,0.005664428
ORGANIZATION_TYPE_Trade: type 2,0.005650606
AMT_REQ_CREDIT_BUREAU_YEAR,0.005617183
ORGANIZATION_TYPE_Industry: type 9,0.005598412
ORGANIZATION_TYPE_Security Ministries,0.005579052
DAYS_ID_PUBLISH,0.005573489
FLAG_DOCUMENT_11,0.0055046114
LIVINGAREA_MEDI,0.00542535
ORGANIZATION_TYPE_Military,0.005310675
FLAG_DOCUMENT_18,0.0053072497
REG_REGION_NOT_LIVE_REGION,0.005300313
FLAG_WORK_PHONE,0.005297907
ORGANIZATION_TYPE_Medicine,0.0052891737
CREDIT_INCOME_RATIO,0.005263062
NAME_HOUSING_TYPE_House / apartment,0.005242408
FLAG_DOCUMENT_16,0.005190184
OCCUPATION_TYPE_Drivers,0.0051642633
ANNUITY_INCOME_RATIO,0.0051429016
ORGANIZATION_TYPE_Insurance,0.005120919
FLAG_DOCUMENT_20,0.0051206206
ORGANIZATION_TYPE_Business Entity Type 1,0.005097097
DAYS_LAST_PHONE_CHANGE,0.0050915647
ORGANIZATION_TYPE_School,0.005061213
OCCUPATION_TYPE_Security staff,0.0050136615
NAME_FAMILY_STATUS_Widow,0.0048562447
FLAG_DOCUMENT_15,0.0048484206
NAME_INCOME_TYPE_Commercial associate,0.004781269
BASEMENTAREA_MEDI,0.0047807833
NAME_FAMILY_STATUS_Single / not married,0.004772264
LANDAREA_MEDI,0.0047556483
AMT_REQ_CREDIT_BUREAU_WEEK,0.0047546164
ORGANIZATION_TYPE_Restaurant,0.004749509
FLOORSMAX_MEDI,0.004739889
ORGANIZATION_TYPE_Realtor,0.0046353503
YEARS_BEGINEXPLUATATION_MODE,0.004626153
ORGANIZATION_TYPE_Government,0.0046176845
TOTALAREA_MODE,0.0045726644
OCCUPATION_TYPE_Laborers,0.004547445
APARTMENTS_AVG,0.004545557
ENTRANCES_MEDI,0.004529684
DAYS_REGISTRATION,0.0045286845
ORGANIZATION_TYPE_Other,0.0045104474
NONLIVINGAREA_MEDI,0.004509723
FLAG_DOCUMENT_14,0.0044643437
YEARS_BEGINEXPLUATATION_MEDI,0.0044605513
REG_CITY_NOT_WORK_CITY,0.0044482048
FLAG_EMAIL,0.004446869
OCCUPATION_TYPE_Waiters/barmen staff,0.004429851
WEEKDAY_APPR_PROCESS_START_WEDNESDAY,0.0044155857
WEEKDAY_APPR_PROCESS_START_MONDAY,0.004414807
OBS_60_CNT_SOCIAL_CIRCLE,0.0043973224
LIVINGAREA_AVG,0.0043844427
BASEMENTAREA_MODE,0.0043711565
ORGANIZATION_TYPE_Industry: type 5,0.0043615815
ORGANIZATION_TYPE_Kindergarten,0.0043016216
ENTRANCES_AVG,0.0042834673
HOUSETYPE_MODE_terraced house,0.004268644
REGION_POPULATION_RELATIVE,0.0042565917
APARTMENTS_MEDI,0.0042273286
FLOORSMAX_MODE,0.0042065512
LIVINGAREA_MODE,0.0041786674
NAME_FAMILY_STATUS_Separated,0.004175612
OCCUPATION_TYPE_Private service staff,0.0041660336
LANDAREA_AVG,0.0041548903
NONLIVINGAREA_AVG,0.0041459515
AMT_REQ_CREDIT_BUREAU_DAY,0.004121325
WEEKDAY_APPR_PROCESS_START_TUESDAY,0.004119798
APARTMENTS_MODE,0.004117665
LANDAREA_MODE,0.004109587
OCCUPATION_TYPE_Medicine staff,0.004099414
AMT_REQ_CREDIT_BUREAU_MON,0.004058275
ORGANIZATION_TYPE_Business Entity Type 3,0.0040476047
ORGANIZATION_TYPE_Bank,0.004002819
NONLIVINGAREA_MODE,0.0039987685
ORGANIZATION_TYPE_Trade: type 3,0.003962608
CNT_FAM_MEMBERS,0.0039594304
ORGANIZATION_TYPE_Legal Services,0.003943472
ORGANIZATION_TYPE_Transport: type 2,0.0039053918
WEEKDAY_APPR_PROCESS_START_THURSDAY,0.0039048921
ORGANIZATION_TYPE_Housing,0.0038545283
FLAG_EMP_PHONE,0.0038440246
NAME_TYPE_SUITE_Other_A,0.003837499
"NAME_TYPE_SUITE_Spouse, partner",0.0038077894
ENTRANCES_MODE,0.0037913143
OBS_30_CNT_SOCIAL_CIRCLE,0.00378611
LIVE_CITY_NOT_WORK_CITY,0.0037845324
NAME_TYPE_SUITE_Unaccompanied,0.0037805152
AMT_INCOME_TOTAL,0.0037457477
YEARS_BEGINEXPLUATATION_AVG,0.003680302
OCCUPATION_TYPE_Secretaries,0.0036636628
NAME_HOUSING_TYPE_Office apartment,0.0036266856
NAME_HOUSING_TYPE_Municipal apartment,0.0036113982
CNT_CHILDREN,0.0036053075
ORGANIZATION_TYPE_Hotel,0.0035971922
WEEKDAY_APPR_PROCESS_START_SATURDAY,0.0035357103
BASEMENTAREA_AVG,0.0035292627
OCCUPATION_TYPE_Unknown,0.003521582
OCCUPATION_TYPE_High skill tech staff,0.0035183544
ORGANIZATION_TYPE_Business Entity Type 2,0.003516766
WALLSMATERIAL_MODE_Wooden,0.0035126295
ORGANIZATION_TYPE_Police,0.0035041287
NAME_HOUSING_TYPE_Rented apartment,0.0034737044
HOUR_APPR_PROCESS_START,0.003465049
REG_REGION_NOT_WORK_REGION,0.0034356103
FLAG_DOCUMENT_5,0.0034211257
ELEVATORS_MODE,0.003409144
OCCUPATION_TYPE_Cooking staff,0.0034080138
EMERGENCYSTATE_MODE_Yes,0.0034032275
WALLSMATERIAL_MODE_Others,0.0034018324
WALLSMATERIAL_MODE_Unknown,0.0033804069
ORGANIZATION_TYPE_Industry: type 10,0.0033768292
FLAG_DOCUMENT_8,0.003351404
HOUSETYPE_MODE_block of flats,0.003339514
FLAG_DOCUMENT_6,0.003326926
ORGANIZATION_TYPE_Industry: type 11,0.0033037704
OCCUPATION_TYPE_Sales staff,0.0032743153
NAME_EDUCATION_TYPE_Incomplete higher,0.0032714864
OCCUPATION_TYPE_HR staff,0.003217797
OCCUPATION_TYPE_Cleaning staff,0.0031680327
FLAG_DOCUMENT_2,0.0031670278
ORGANIZATION_TYPE_Emergency,0.0030890591
OCCUPATION_TYPE_IT staff,0.0030311188
HOUSETYPE_MODE_specific housing,0.0029942668
NAME_TYPE_SUITE_Other_B,0.00292784
HAS_REALTY,0.0028900476
ORGANIZATION_TYPE_Industry: type 1,0.0028080721
NAME_TYPE_SUITE_Family,0.0027684248
"WALLSMATERIAL_MODE_Stone, brick",0.002743503
ORGANIZATION_TYPE_Trade: type 7,0.002581164
ORGANIZATION_TYPE_Postal,0.0025470492
NAME_HOUSING_TYPE_With parents,0.0025328423
FLAG_DOCUMENT_9,0.00242533
ORGANIZATION_TYPE_Transport: type 4,0.0023499255
ORGANIZATION_TYPE_Industry: type 2,0.0022757393
ORGANIZATION_TYPE_Agriculture,0.0020755364
ORGANIZATION_TYPE_Industry: type 3,0.0017673301
ORGANIZATION_TYPE_Industry: type 4,0.0015698798
ORGANIZATION_TYPE_Electricity,0.0011761347
ORGANIZATION_TYPE_Trade: type 6,0.0
ORGANIZATION_TYPE_Cleaning,0.0
NAME_INCOME_TYPE_Maternity leave,0.0
ORGANIZATION_TYPE_Transport: type 1,0.0
ORGANIZATION_TYPE_Industry: type 12,0.0
ORGANIZATION_TYPE_XNA,0.0
NAME_INCOME_TYPE_Student,0.0
ORGANIZATION_TYPE_Trade: type 4,0.0
NAME_INCOME_TYPE_Unemployed,0.0
WALLSMATERIAL_MODE_Mixed,0.0
WALLSMATERIAL_MODE_Monolithic,0.0
FLAG_CONT_MOBILE,0.0
NAME_FAMILY_STATUS_Unknown,0.0
FLAG_MOBIL,0.0
ORGANIZATION_TYPE_Trade: type 5,0.0
ORGANIZATION_TYPE_Services,0.0
ORGANIZATION_TYPE_Culture,0.0
FLAG_DOCUMENT_12,0.0
FLAG_OWN_REALTY_Y,0.0
ORGANIZATION_TYPE_Industry: type 6,0.0
CODE_GENDER_XNA,0.0
ORGANIZATION_TYPE_Industry: type 8,0.0
AMT_REQ_CREDIT_BUREAU_HOUR,0.0
FLAG_DOCUMENT_21,0.0
OCCUPATION_TYPE_Realty agents,0.0
FLAG_DOCUMENT_17,0.0
ORGANIZATION_TYPE_Mobile,0.0
FLAG_DOCUMENT_4,0.0
FLAG_DOCUMENT_10,0.0
ORGANIZATION_TYPE_Religion,0.0
FLAG_DOCUMENT_7,0.0
ORGANIZATION_TYPE_Security,0.0
NAME_TYPE_SUITE_Group of people,0.0
ORGANIZATION_TYPE_Industry: type 13,0.0
ORGANIZATION_TYPE_Telecom,0.0
ORGANIZATION_TYPE_Trade: type 1,0.0
FLAG_DOCUMENT_19,0.0
